<?xml version="1.0" encoding="UTF-8"?>
<!DOCTYPE suite SYSTEM "https://testng.org/testng-1.0.dtd">
<suite name="DemoBlaze Functionality Suite">
    <test name="Signup Functionality Tests">
        <classes>
            <class name="Tests.SignUpTest" />
        </classes>
    </test>
    <test name="Login Functionality Test">
        <classes>
            <!-- Test class for Login functionality -->
            <class name="Tests.LoginTest"/>
        </classes>
    </test>
    <test name="Product Functionality Test">
        <classes>
            <!-- Test class for Login functionality -->
            <class name="Tests.ProductDisplayAndCategoriesTest"/>
        </classes>
    </test>
    <test name="Product Details Functionality Test">
        <classes>
            <!-- Test class for Login functionality -->
            <class name="Tests.ProductDetailsPageTest"/>
        </classes>
    </test>
	    <test name="Cart Functionality Test">
        <classes>
            <!-- Test class for Login functionality -->
            <class name="Tests.CartTest"/>
        </classes>
    </test>
    <test name="Purchase Functionality Test">
        <classes>
            <!-- Test class for Login functionality -->
            <class name="Tests.LogOutTest"/>
        </classes>
    </test>
</suite>
